<?xml version="1.0" encoding="UTF-8"?>
<report>
  <config name="L1=4m_L2=1.3m_central_apx10">
    <transmission name="">
      <sample name="" position="1.0" runId="" type="sample"/>
    </transmission>
    <scattering name="Scattering">
      <sample name="NAS_PC_T8_500CD4_0P_des" position="1.0" runId="0195822" type="sample"/>
    </scattering>
    <emptyBeamTransmissionRunId/>
  </config>
  <config name="L1=L2=8m_central_apx10">
    <transmission name="">
      <sample name="" position="1.0" runId="" type="sample"/>
    </transmission>
    <scattering name="Scattering">
      <sample name="NAS_PC_T8_500CD4_0P_des" position="1.0" runId="0195823" type="sample"/>
    </scattering>
    <emptyBeamTransmissionRunId/>
  </config>
  <config name="L1=L2=20m_central_apx10">
    <transmission name="Transmission">
      <sample name="NAS_PC_T8_500CD4_0P_des" position="1.0" runId="0195824" type="sample"/>
    </transmission>
    <scattering name="Scattering">
      <sample name="NAS_PC_T8_500CD4_0P_des" position="1.0" runId="0195825" type="sample"/>
    </scattering>
    <emptyBeamTransmissionRunId/>
  </config>
  <config name="L1=L2=20m_lens_med_NO_bs">
    <transmission name="Transmission">
      <sample name="NAS_PC_T8_500CD4_0P_des" position="1.0" runId="0195826" type="sample"/>
    </transmission>
    <scattering name="Scattering">
      <sample name="NAS_PC_T8_500CD4_0P_des" position="1.0" runId="0195827" type="sample"/>
    </scattering>
    <emptyBeamTransmissionRunId/>
  </config>
</report>