<?xml version="1.0" encoding="UTF-8"?>
<report>
  <config name="L1=4m_L2=1.3m_central_apx10">
    <transmission name="">
      <sample name="" position="1.0" runId="" type="sample"/>
    </transmission>
    <scattering name="Scattering">
      <sample name="NAS_IL3_L2_0CD4_90P" position="1.0" runId="0195594" type="sample"/>
    </scattering>
    <emptyBeamTransmissionRunId/>
  </config>
  <config name="L1=L2=8m_central_apx10">
    <transmission name="">
      <sample name="" position="1.0" runId="" type="sample"/>
    </transmission>
    <scattering name="Scattering">
      <sample name="NAS_IL3_L2_0CD4_90P" position="1.0" runId="0195595" type="sample"/>
    </scattering>
    <emptyBeamTransmissionRunId/>
  </config>
  <config name="L1=L2=20m_central_apx10">
    <transmission name="Transmission">
      <sample name="NAS_IL3_L2_0CD4_90P" position="1.0" runId="0195596" type="sample"/>
    </transmission>
    <scattering name="Scattering">
      <sample name="NAS_IL3_L2_0CD4_90P" position="1.0" runId="0195597" type="sample"/>
    </scattering>
    <emptyBeamTransmissionRunId/>
  </config>
  <config name="L1=L2=20m_lens_med_NO_bs">
    <transmission name="Transmission">
      <sample name="NAS_IL3_L2_0CD4_90P" position="1.0" runId="0195598" type="sample"/>
    </transmission>
    <scattering name="Scattering">
      <sample name="NAS_IL3_L2_0CD4_90P" position="1.0" runId="0195599" type="sample"/>
    </scattering>
    <emptyBeamTransmissionRunId/>
  </config>
</report>