<?xml version="1.0" encoding="UTF-8"?>
<report>
  <config name="L1=L2=20m_lens_med_NO_bs">
    <transmission name="Transmission">
      <sample name="Empty Alu" position="1.0" runId="0195316" type="sample"/>
    </transmission>
    <scattering name="Scattering">
      <sample name="Empty Alu" position="1.0" runId="0195317" type="sample"/>
    </scattering>
    <emptyBeamTransmissionRunId/>
  </config>
  <config name="L1=L2=20m_central_apx10">
    <transmission name="Transmission">
      <sample name="Empty Alu" position="1.0" runId="0195318" type="sample"/>
    </transmission>
    <scattering name="Scattering">
      <sample name="Empty Alu" position="1.0" runId="0195319" type="sample"/>
    </scattering>
    <emptyBeamTransmissionRunId/>
  </config>
  <config name="L1=L2=8m_central_apx10">
    <transmission name="Transmission">
      <sample name="Empty Alu" position="1.0" runId="0195320" type="sample"/>
    </transmission>
    <scattering name="Scattering">
      <sample name="Empty Alu" position="1.0" runId="0195321" type="sample"/>
    </scattering>
    <emptyBeamTransmissionRunId/>
  </config>
  <config name="L1=4m_L2=1.3m_central_apx10">
    <transmission name="Transmission">
      <sample name="Empty Alu" position="1.0" runId="0195322" type="sample"/>
    </transmission>
    <scattering name="Scattering">
      <sample name="Empty Alu" position="1.0" runId="0195323" type="sample"/>
    </scattering>
    <emptyBeamTransmissionRunId/>
  </config>
</report>