<?xml version="1.0" encoding="UTF-8"?>
<report>
  <config name="L1=L2=20m_lens_med_NO_bs">
    <transmission name="Transmission">
      <sample name="EMPTY_BEAM" position="1.0" runId="0195838" type="sample"/>
    </transmission>
    <scattering name="">
      <sample name="" position="1.0" runId="" type="sample"/>
    </scattering>
    <emptyBeamTransmissionRunId>0195838</emptyBeamTransmissionRunId>
  </config>
  <config name="L1=L2=20m_central_apx10">
    <transmission name="Transmission">
      <sample name="EMPTY_BEAM" position="1.0" runId="0195839" type="sample"/>
    </transmission>
    <scattering name="">
      <sample name="" position="1.0" runId="" type="sample"/>
    </scattering>
    <emptyBeamTransmissionRunId>0195839</emptyBeamTransmissionRunId>
  </config>
  <config name="L1=L2=8m_central_apx10">
    <transmission name="Transmission">
      <sample name="EMPTY_BEAM" position="1.0" runId="0195840" type="sample"/>
    </transmission>
    <scattering name="">
      <sample name="" position="1.0" runId="" type="sample"/>
    </scattering>
    <emptyBeamTransmissionRunId>0195840</emptyBeamTransmissionRunId>
  </config>
  <config name="L1=4m_L2=1.3m_central_apx10">
    <transmission name="Transmission">
      <sample name="EMPTY_BEAM" position="1.0" runId="0195841" type="sample"/>
    </transmission>
    <scattering name="">
      <sample name="" position="1.0" runId="" type="sample"/>
    </scattering>
    <emptyBeamTransmissionRunId>0195841</emptyBeamTransmissionRunId>
  </config>
</report>