<?xml version="1.0" encoding="UTF-8"?>
<report>
  <config name="L1=L2=20m_lens_med_NO_bs">
    <transmission name="Transmission">
      <sample name="Empty Cell 500CD4" position="1.0" runId="0195828" type="sample"/>
    </transmission>
    <scattering name="Scattering">
      <sample name="Empty Cell 500CD4" position="1.0" runId="0195829" type="sample"/>
    </scattering>
    <emptyBeamTransmissionRunId/>
  </config>
  <config name="L1=L2=20m_central_apx10">
    <transmission name="Transmission">
      <sample name="Empty Cell 500CD4" position="1.0" runId="0195830" type="sample"/>
    </transmission>
    <scattering name="Scattering">
      <sample name="Empty Cell 500CD4" position="1.0" runId="0195831" type="sample"/>
    </scattering>
    <emptyBeamTransmissionRunId/>
  </config>
  <config name="L1=L2=8m_central_apx10">
    <transmission name="">
      <sample name="" position="1.0" runId="" type="sample"/>
    </transmission>
    <scattering name="Scattering">
      <sample name="Empty Cell 500CD4" position="1.0" runId="0195832" type="sample"/>
    </scattering>
    <emptyBeamTransmissionRunId/>
  </config>
  <config name="L1=4m_L2=1.3m_central_apx10">
    <transmission name="">
      <sample name="" position="1.0" runId="" type="sample"/>
    </transmission>
    <scattering name="Scattering">
      <sample name="Empty Cell 500CD4" position="1.0" runId="0195833" type="sample"/>
    </scattering>
    <emptyBeamTransmissionRunId/>
  </config>
</report>