<?xml version="1.0" encoding="UTF-8"?>
<report>
  <config name="L1=4m_L2=1.3m_central_apx10">
    <transmission name="">
      <sample name="" position="1.0" runId="" type="sample"/>
    </transmission>
    <scattering name="Scattering">
      <sample name="NAS_HC_T9_500CD4_100P" position="1.0" runId="0195750" type="sample"/>
    </scattering>
    <emptyBeamTransmissionRunId/>
  </config>
  <config name="L1=L2=8m_central_apx10">
    <transmission name="">
      <sample name="" position="1.0" runId="" type="sample"/>
    </transmission>
    <scattering name="Scattering">
      <sample name="NAS_HC_T9_500CD4_100P" position="1.0" runId="0195751" type="sample"/>
    </scattering>
    <emptyBeamTransmissionRunId/>
  </config>
  <config name="L1=L2=20m_central_apx10">
    <transmission name="Transmission">
      <sample name="NAS_HC_T9_500CD4_100P" position="1.0" runId="0195752" type="sample"/>
    </transmission>
    <scattering name="Scattering">
      <sample name="NAS_HC_T9_500CD4_100P" position="1.0" runId="0195753" type="sample"/>
    </scattering>
    <emptyBeamTransmissionRunId/>
  </config>
  <config name="L1=L2=20m_lens_med_NO_bs">
    <transmission name="Transmission">
      <sample name="NAS_HC_T9_500CD4_100P" position="1.0" runId="0195754" type="sample"/>
    </transmission>
    <scattering name="Scattering">
      <sample name="NAS_HC_T9_500CD4_100P" position="1.0" runId="0195755" type="sample"/>
    </scattering>
    <emptyBeamTransmissionRunId/>
  </config>
</report>