<?xml version="1.0" encoding="UTF-8"?>
<report>
  <config name="L1=L2=20m_lens_med_NO_bs">
    <transmission name="Transmission">
      <sample name="Alu at 450 bar CD4" position="1.0" runId="0195324" type="sample"/>
    </transmission>
    <scattering name="Scattering">
      <sample name="Alu at 450 bar CD4" position="1.0" runId="0195325" type="sample"/>
    </scattering>
    <emptyBeamTransmissionRunId/>
  </config>
  <config name="L1=L2=20m_central_apx10">
    <transmission name="Transmission">
      <sample name="Alu at 450 bar CD4" position="1.0" runId="0195326" type="sample"/>
    </transmission>
    <scattering name="Scattering">
      <sample name="Alu at 450 bar CD4" position="1.0" runId="0195327" type="sample"/>
    </scattering>
    <emptyBeamTransmissionRunId/>
  </config>
  <config name="L1=L2=8m_central_apx10">
    <transmission name="Transmission">
      <sample name="Alu at 450 bar CD4" position="1.0" runId="0195328" type="sample"/>
    </transmission>
    <scattering name="Scattering">
      <sample name="Alu at 450 bar CD4" position="1.0" runId="0195329" type="sample"/>
    </scattering>
    <emptyBeamTransmissionRunId/>
  </config>
  <config name="L1=4m_L2=1.3m_central_apx10">
    <transmission name="Transmission">
      <sample name="Alu at 450 bar CD4" position="1.0" runId="0195330" type="sample"/>
    </transmission>
    <scattering name="Scattering">
      <sample name="Alu at 450 bar CD4" position="1.0" runId="0195331" type="sample"/>
    </scattering>
    <emptyBeamTransmissionRunId/>
  </config>
</report>