<?xml version="1.0" encoding="UTF-8"?>
<report>
  <config name="L1=L2=20m_lens_med_NO_bs">
    <transmission name="Transmission">
      <sample name="Empty High P cell" position="1.0" runId="0195308" type="sample"/>
    </transmission>
    <scattering name="Scattering">
      <sample name="Empty High P cell" position="1.0" runId="0195309" type="sample"/>
    </scattering>
    <emptyBeamTransmissionRunId/>
  </config>
  <config name="L1=L2=20m_central_apx10">
    <transmission name="Transmission">
      <sample name="Empty High P cell" position="1.0" runId="0195310" type="sample"/>
    </transmission>
    <scattering name="Scattering">
      <sample name="Empty High P cell" position="1.0" runId="0195311" type="sample"/>
    </scattering>
    <emptyBeamTransmissionRunId/>
  </config>
  <config name="L1=L2=8m_central_apx10">
    <transmission name="Transmission">
      <sample name="Empty High P cell" position="1.0" runId="0195312" type="sample"/>
    </transmission>
    <scattering name="Scattering">
      <sample name="Empty High P cell" position="1.0" runId="0195313" type="sample"/>
    </scattering>
    <emptyBeamTransmissionRunId/>
  </config>
  <config name="L1=4m_L2=1.3m_central_apx10">
    <transmission name="Transmission">
      <sample name="Empty High P cell" position="1.0" runId="0195314" type="sample"/>
    </transmission>
    <scattering name="Scattering">
      <sample name="Empty High P cell" position="1.0" runId="0195315" type="sample"/>
    </scattering>
    <emptyBeamTransmissionRunId/>
  </config>
</report>