<?xml version="1.0" encoding="UTF-8"?>
<report>
  <config name="L1=4m_L2=1.3m_central_apx10">
    <transmission name="">
      <sample name="" position="1.0" runId="" type="sample"/>
    </transmission>
    <scattering name="Scattering">
      <sample name="NAS_HC_T9_500CD4_7.5P" position="1.0" runId="0195726" type="sample"/>
    </scattering>
    <emptyBeamTransmissionRunId/>
  </config>
  <config name="L1=L2=8m_central_apx10">
    <transmission name="">
      <sample name="" position="1.0" runId="" type="sample"/>
    </transmission>
    <scattering name="Scattering">
      <sample name="NAS_HC_T9_500CD4_7.5P" position="1.0" runId="0195727" type="sample"/>
    </scattering>
    <emptyBeamTransmissionRunId/>
  </config>
  <config name="L1=L2=20m_central_apx10">
    <transmission name="Transmission">
      <sample name="NAS_HC_T9_500CD4_7.5P" position="1.0" runId="0195728" type="sample"/>
    </transmission>
    <scattering name="Scattering">
      <sample name="NAS_HC_T9_500CD4_7.5P" position="1.0" runId="0195729" type="sample"/>
    </scattering>
    <emptyBeamTransmissionRunId/>
  </config>
  <config name="L1=L2=20m_lens_med_NO_bs">
    <transmission name="Transmission">
      <sample name="NAS_HC_T9_500CD4_7.5P" position="1.0" runId="0195730" type="sample"/>
    </transmission>
    <scattering name="Scattering">
      <sample name="NAS_HC_T9_500CD4_7.5P" position="1.0" runId="0195731" type="sample"/>
    </scattering>
    <emptyBeamTransmissionRunId/>
  </config>
</report>