<?xml version="1.0" encoding="UTF-8"?>
<report>
  <config name="L1=L2=20m_lens_med_NO_bs">
    <transmission name="Transmission">
      <sample name="Marcellus_L6_0CD4_0P_des" position="1.0" runId="0195696" type="sample"/>
    </transmission>
    <scattering name="Scattering">
      <sample name="Marcellus_L6_0CD4_0P_des" position="1.0" runId="0195697" type="sample"/>
    </scattering>
    <emptyBeamTransmissionRunId/>
  </config>
  <config name="L1=L2=20m_central_apx10">
    <transmission name="Transmission">
      <sample name="Marcellus_L6_0CD4_0P_des" position="1.0" runId="0195698" type="sample"/>
    </transmission>
    <scattering name="Scattering">
      <sample name="Marcellus_L6_0CD4_0P_des" position="1.0" runId="0195699" type="sample"/>
    </scattering>
    <emptyBeamTransmissionRunId/>
  </config>
  <config name="L1=L2=8m_central_apx10">
    <transmission name="">
      <sample name="" position="1.0" runId="" type="sample"/>
    </transmission>
    <scattering name="Scattering">
      <sample name="Marcellus_L6_0CD4_0P_des" position="1.0" runId="0195700" type="sample"/>
    </scattering>
    <emptyBeamTransmissionRunId/>
  </config>
  <config name="L1=4m_L2=1.3m_central_apx10">
    <transmission name="">
      <sample name="" position="1.0" runId="" type="sample"/>
    </transmission>
    <scattering name="Scattering">
      <sample name="Marcellus_L6_0CD4_0P_des" position="1.0" runId="0195701" type="sample"/>
    </scattering>
    <emptyBeamTransmissionRunId/>
  </config>
</report>