<?xml version="1.0" encoding="UTF-8"?>
<report>
  <config name="L1=4m_L2=1.3m_central_apx10">
    <transmission name="">
      <sample name="" position="1.0" runId="" type="sample"/>
    </transmission>
    <scattering name="Scattering">
      <sample name="Cd" position="1.0" runId="0195642" type="sample"/>
    </scattering>
    <emptyBeamTransmissionRunId/>
  </config>
  <config name="L1=L2=8m_central_apx10">
    <transmission name="">
      <sample name="" position="1.0" runId="" type="sample"/>
    </transmission>
    <scattering name="Scattering">
      <sample name="Cd" position="1.0" runId="0195643" type="sample"/>
    </scattering>
    <emptyBeamTransmissionRunId/>
  </config>
  <config name="L1=L2=20m_central_apx10">
    <transmission name="Transmission">
      <sample name="Cd" position="1.0" runId="0195644" type="sample"/>
    </transmission>
    <scattering name="Scattering">
      <sample name="Cd" position="1.0" runId="0195645" type="sample"/>
    </scattering>
    <emptyBeamTransmissionRunId/>
  </config>
  <config name="L1=L2=20m_lens_med_NO_bs">
    <transmission name="Transmission">
      <sample name="Cd" position="1.0" runId="0195646" type="sample"/>
    </transmission>
    <scattering name="Scattering">
      <sample name="Cd" position="1.0" runId="0195647" type="sample"/>
    </scattering>
    <emptyBeamTransmissionRunId/>
  </config>
</report>