<?xml version="1.0" encoding="UTF-8"?>
<report>
  <config name="L1=L2=20m_lens_med_NO_bs">
    <transmission name="Transmission">
      <sample name="NAS_PC_T8_0CD4_68P" position="1.0" runId="0195792" type="sample"/>
    </transmission>
    <scattering name="Scattering">
      <sample name="NAS_PC_T8_0CD4_68P" position="1.0" runId="0195793" type="sample"/>
    </scattering>
    <emptyBeamTransmissionRunId/>
  </config>
  <config name="L1=L2=20m_central_apx10">
    <transmission name="Transmission">
      <sample name="NAS_PC_T8_0CD4_68P" position="1.0" runId="0195794" type="sample"/>
    </transmission>
    <scattering name="Scattering">
      <sample name="NAS_PC_T8_0CD4_68P" position="1.0" runId="0195795" type="sample"/>
    </scattering>
    <emptyBeamTransmissionRunId/>
  </config>
  <config name="L1=L2=8m_central_apx10">
    <transmission name="">
      <sample name="" position="1.0" runId="" type="sample"/>
    </transmission>
    <scattering name="Scattering">
      <sample name="NAS_PC_T8_0CD4_68P" position="1.0" runId="0195796" type="sample"/>
    </scattering>
    <emptyBeamTransmissionRunId/>
  </config>
  <config name="L1=4m_L2=1.3m_central_apx10">
    <transmission name="">
      <sample name="" position="1.0" runId="" type="sample"/>
    </transmission>
    <scattering name="Scattering">
      <sample name="NAS_PC_T8_0CD4_68P" position="1.0" runId="0195797" type="sample"/>
    </scattering>
    <emptyBeamTransmissionRunId/>
  </config>
</report>