<?xml version="1.0" encoding="UTF-8"?>
<report>
  <config name="L1=4m_L2=1.3m_central_apx10">
    <transmission name="">
      <sample name="" position="1.0" runId="" type="sample"/>
    </transmission>
    <scattering name="Scattering">
      <sample name="Marcellus_L6_500CD4_270P" position="1.0" runId="0195690" type="sample"/>
    </scattering>
    <emptyBeamTransmissionRunId/>
  </config>
  <config name="L1=L2=8m_central_apx10">
    <transmission name="">
      <sample name="" position="1.0" runId="" type="sample"/>
    </transmission>
    <scattering name="Scattering">
      <sample name="Marcellus_L6_500CD4_270P" position="1.0" runId="0195691" type="sample"/>
    </scattering>
    <emptyBeamTransmissionRunId/>
  </config>
  <config name="L1=L2=20m_central_apx10">
    <transmission name="Transmission">
      <sample name="Marcellus_L6_500CD4_270P" position="1.0" runId="0195692" type="sample"/>
    </transmission>
    <scattering name="Scattering">
      <sample name="Marcellus_L6_500CD4_270P" position="1.0" runId="0195693" type="sample"/>
    </scattering>
    <emptyBeamTransmissionRunId/>
  </config>
  <config name="L1=L2=20m_lens_med_NO_bs">
    <transmission name="Transmission">
      <sample name="Marcellus_L6_500CD4_270P" position="1.0" runId="0195694" type="sample"/>
    </transmission>
    <scattering name="Scattering">
      <sample name="Marcellus_L6_500CD4_270P" position="1.0" runId="0195695" type="sample"/>
    </scattering>
    <emptyBeamTransmissionRunId/>
  </config>
</report>