<?xml version="1.0" encoding="UTF-8"?>
<report>
  <config name="L1=4m_L2=1.3m_central_apx10">
    <transmission name="">
      <sample name="" position="1.0" runId="" type="sample"/>
    </transmission>
    <scattering name="Scattering">
      <sample name="Marcellus_L6_500CD4_0P" position="1.0" runId="0195654" type="sample"/>
    </scattering>
    <emptyBeamTransmissionRunId/>
  </config>
  <config name="L1=L2=8m_central_apx10">
    <transmission name="">
      <sample name="" position="1.0" runId="" type="sample"/>
    </transmission>
    <scattering name="Scattering">
      <sample name="Marcellus_L6_500CD4_0P" position="1.0" runId="0195655" type="sample"/>
    </scattering>
    <emptyBeamTransmissionRunId/>
  </config>
  <config name="L1=L2=20m_central_apx10">
    <transmission name="Transmission">
      <sample name="Marcellus_L6_500CD4_0P" position="1.0" runId="0195656" type="sample"/>
    </transmission>
    <scattering name="Scattering">
      <sample name="Marcellus_L6_500CD4_0P" position="1.0" runId="0195657" type="sample"/>
    </scattering>
    <emptyBeamTransmissionRunId/>
  </config>
  <config name="L1=L2=20m_lens_med_NO_bs">
    <transmission name="Transmission">
      <sample name="Marcellus_L6_500CD4_0P" position="1.0" runId="0195658" type="sample"/>
    </transmission>
    <scattering name="Scattering">
      <sample name="Marcellus_L6_500CD4_0P" position="1.0" runId="0195659" type="sample"/>
    </scattering>
    <emptyBeamTransmissionRunId/>
  </config>
</report>