<?xml version="1.0" encoding="UTF-8"?>
<report>
  <config name="L1=4m_L2=1.3m_central_apx10">
    <transmission name="">
      <sample name="" position="1.0" runId="" type="sample"/>
    </transmission>
    <scattering name="Scattering">
      <sample name="NAS_HC_L4_500CD4_0P" position="1.0" runId="0195342" type="sample"/>
    </scattering>
    <emptyBeamTransmissionRunId/>
  </config>
  <config name="L1=L2=8m_central_apx10">
    <transmission name="">
      <sample name="" position="1.0" runId="" type="sample"/>
    </transmission>
    <scattering name="Scattering">
      <sample name="NAS_HC_L4_500CD4_0P" position="1.0" runId="0195343" type="sample"/>
    </scattering>
    <emptyBeamTransmissionRunId/>
  </config>
  <config name="L1=L2=20m_central_apx10">
    <transmission name="Transmission">
      <sample name="NAS_HC_L4_500CD4_0P" position="1.0" runId="0195344" type="sample"/>
    </transmission>
    <scattering name="Scattering">
      <sample name="NAS_HC_L4_500CD4_0P" position="1.0" runId="0195345" type="sample"/>
    </scattering>
    <emptyBeamTransmissionRunId/>
  </config>
  <config name="L1=L2=20m_lens_med_NO_bs">
    <transmission name="Transmission">
      <sample name="NAS_HC_L4_500CD4_0P" position="1.0" runId="0195346" type="sample"/>
    </transmission>
    <scattering name="Scattering">
      <sample name="NAS_HC_L4_500CD4_0P" position="1.0" runId="0195347" type="sample"/>
    </scattering>
    <emptyBeamTransmissionRunId/>
  </config>
  <config name="L1=L2=20m_lens_med_NO_bs">
    <transmission name="">
      <sample name="" position="1.0" runId="" type="sample"/>
    </transmission>
    <scattering name="Scattering">
      <sample name="NAS_HC_L4_500CD4_0P" position="1.0" runId="0195348" type="sample"/>
    </scattering>
    <emptyBeamTransmissionRunId/>
  </config>
  <config name="L1=L2=20m_central_apx10">
    <transmission name="">
      <sample name="" position="1.0" runId="" type="sample"/>
    </transmission>
    <scattering name="Scattering">
      <sample name="NAS_HC_L4_500CD4_0P" position="1.0" runId="0195349" type="sample"/>
    </scattering>
    <emptyBeamTransmissionRunId/>
  </config>
  <config name="L1=L2=8m_central_apx10">
    <transmission name="">
      <sample name="" position="1.0" runId="" type="sample"/>
    </transmission>
    <scattering name="Scattering">
      <sample name="NAS_HC_L4_500CD4_0P" position="1.0" runId="0195350" type="sample"/>
    </scattering>
    <emptyBeamTransmissionRunId/>
  </config>
  <config name="L1=4m_L2=1.3m_central_apx10">
    <transmission name="">
      <sample name="" position="1.0" runId="" type="sample"/>
    </transmission>
    <scattering name="Scattering">
      <sample name="NAS_HC_L4_500CD4_0P" position="1.0" runId="0195351" type="sample"/>
    </scattering>
    <emptyBeamTransmissionRunId/>
  </config>
</report>